,COMPANY,TICKER,PROXY URL,DATE POSTED
0,22ND CENTY GROUP INC,XXII,,
1,2U INC,TWOU,http://www.sec.gov/Archives/edgar/data/1459417/000104746915003595/0001047469-15-003595-index.htm,2015-04-16
2,A10 NETWORKS INC,ATEN,http://www.sec.gov/Archives/edgar/data/1580808/000119312515146926/0001193125-15-146926-index.htm,2015-04-27
3,ACHAOGEN INC,AKAO,http://www.sec.gov/Archives/edgar/data/1301501/000130150115000010/0001301501-15-000010-index.htm,2015-04-14
4,ACTINIUM PHARMACEUTICALS,ATNM,,
5,ADAMA AGRICULTURAL SOLUTIONS LTD.,ADAM,http://www.sec.gov/Archives/edgar/data/863650/000119312510079028/0001193125-10-079028-index.htm,2010-04-08
6,ADAMAS PHARMACEUTICALS,ADMS,http://www.sec.gov/Archives/edgar/data/1328143/000104746915002949/0001047469-15-002949-index.htm,2015-03-30
7,ADEPTUS HEALTH INC.,ADPT,http://www.sec.gov/Archives/edgar/data/1602367/000104746915003477/0001047469-15-003477-index.htm,2015-04-14
8,AEROHIVE NETWORKS INC,HIVE,http://www.sec.gov/Archives/edgar/data/1372414/000119312515131264/0001193125-15-131264-index.htm,2015-04-15
9,AGENUS INC,AGEN,http://www.sec.gov/Archives/edgar/data/1098972/000119312515158775/0001193125-15-158775-index.htm,2015-04-30
10,AKEBIA THERAPEUTICS INC,AKBA,http://www.sec.gov/Archives/edgar/data/1517022/000119312515159076/0001193125-15-159076-index.htm,2015-04-30
11,ALDER BIOPHARMACEUTICALS,ALDR,http://www.sec.gov/Archives/edgar/data/1423824/000119312515123003/0001193125-15-123003-index.htm,2015-04-09
12,ALLY FINL INC,ALLY,,
13,ALTISOURCE ASSET MGMT,AAMC,http://www.sec.gov/Archives/edgar/data/1555074/000155507415000017/0001555074-15-000017-index.htm,2015-04-29
14,ALTISOURCE PORTFOLIO,ASPS,http://www.sec.gov/Archives/edgar/data/1462418/000104746915003213/0001047469-15-003213-index.htm,2015-04-06
15,AMBER RD INC,AMBR,http://www.sec.gov/Archives/edgar/data/1314223/000119312515102635/0001193125-15-102635-index.htm,2015-03-24
16,AMER RLTY CAP HEALTHCAR,HCT,http://www.sec.gov/Archives/edgar/data/863437/000110465906024637/0001104659-06-024637-index.htm,2006-04-12
17,AMERICAN EAGLE ENERGY,AMZG,http://www.sec.gov/Archives/edgar/data/1282613/000114420414065355/0001144204-14-065355-index.htm,2014-11-05
18,"AMPHASTAR PHARMACEUTICALS, INC.",AMPH,http://www.sec.gov/Archives/edgar/data/1297184/000117184315001880/0001171843-15-001880-index.htm,2015-04-08
19,ANI PHARMACEUTICALS INC,ANIP,http://www.sec.gov/Archives/edgar/data/1023024/000114420415024766/0001144204-15-024766-index.htm,2015-04-24
20,APPLIED GENETIC TECH,AGTC,http://www.sec.gov/Archives/edgar/data/1273636/000119312514369131/0001193125-14-369131-index.htm,2014-10-10
21,ARC GROUP WORLDWIDE INC,ARCW,http://www.sec.gov/Archives/edgar/data/826326/000110465914079052/0001104659-14-079052-index.htm,2014-11-10
22,"ARDELYX, INC.",ARDX,http://www.sec.gov/Archives/edgar/data/1437402/000119312515146812/0001193125-15-146812-index.htm,2015-04-24
23,ARDMORE SHIPPING CORP,ASC,,
24,ARROWHEAD RESH CORP,ARWR,http://www.sec.gov/Archives/edgar/data/879407/000119312515018037/0001193125-15-018037-index.htm,2015-01-23
25,"AT PLAY VACATIONS, INC.",APYV,,
26,"ATARA BIOTHERAPEUTICS, INC.",ATRA,http://www.sec.gov/Archives/edgar/data/1604464/000156459015002954/0001564590-15-002954-index.htm,2015-04-29
27,ATLAS FINANCIAL HOLDINGS,AFH,http://www.sec.gov/Archives/edgar/data/1539894/000153989415000014/0001539894-15-000014-index.htm,2015-04-24
28,"AVALANCHE BIOTECHNOLOGIES, INC.",AAVL,http://www.sec.gov/Archives/edgar/data/1501756/000119312515162369/0001193125-15-162369-index.htm,2015-04-30
29,AXALTA COATING SYSTEMS LTD.,AXTA,http://www.sec.gov/Archives/edgar/data/1616862/000119312515101694/0001193125-15-101694-index.htm,2015-03-23
30,BALTIC TRADING LIMITED,BALT,http://www.sec.gov/Archives/edgar/data/1474042/000114036114012771/0001140361-14-012771-index.htm,2014-03-14
31,BIO PATH HOLDINGS INC,BPTH,http://www.sec.gov/Archives/edgar/data/1133818/000114420414067758/0001144204-14-067758-index.htm,2014-11-13
32,BIOCRYST PHARMACEUTICALS,BCRX,http://www.sec.gov/Archives/edgar/data/882796/000117184315001911/0001171843-15-001911-index.htm,2015-04-10
33,BIOSPECIFICS TECHNO CORP,BSTC,http://www.sec.gov/Archives/edgar/data/875622/000106299315002239/0001062993-15-002239-index.htm,2015-04-29
34,BIOTELEMETRY INC,BEAT,http://www.sec.gov/Archives/edgar/data/1574774/000104746915002729/0001047469-15-002729-index.htm,2015-03-25
35,BORDERFREE INC,BRDR,http://www.sec.gov/Archives/edgar/data/1277141/000127714115000016/0001277141-15-000016-index.htm,2015-03-20
36,BUILD A BEAR WORKSHOP,BBW,http://www.sec.gov/Archives/edgar/data/1113809/000143774915006884/0001437749-15-006884-index.htm,2015-04-06
37,"C1 FINANCIAL, INC.",BNK,http://www.sec.gov/Archives/edgar/data/1609132/000114420415015125/0001144204-15-015125-index.htm,2015-03-10
38,CAESARS ACQUISITION CO,CACQ,http://www.sec.gov/Archives/edgar/data/1575879/000119312515112081/0001193125-15-112081-index.htm,2015-03-30
39,"CALITHERA BIOSCIENCES, INC.",CALA,http://www.sec.gov/Archives/edgar/data/1496671/000119312515146704/0001193125-15-146704-index.htm,2015-04-24
40,"CAPNIA, INC.",CAPN,http://www.sec.gov/Archives/edgar/data/1484565/000119312515161880/0001193125-15-161880-index.htm,2015-04-30
41,"CAREDX, INC.",CDNA,http://www.sec.gov/Archives/edgar/data/1217234/000119312515154235/0001193125-15-154235-index.htm,2015-04-29
42,CASCADE MICROTECH INC,CSCD,http://www.sec.gov/Archives/edgar/data/864559/000119312515119671/0001193125-15-119671-index.htm,2015-04-06
43,CASTLIGHT HEALTH INC,CSLT,http://www.sec.gov/Archives/edgar/data/1433714/000143371415000014/0001433714-15-000014-index.htm,2015-04-21
44,CBS OUTDOOR AMERS INC,CBSO,,
45,"CENTURY COMMUNITIES, INC.",CCS,http://www.sec.gov/Archives/edgar/data/1576940/000161577415000657/0001615774-15-000657-index.htm,2015-04-03
46,CINEDIGM CORP,CIDM,http://www.sec.gov/Archives/edgar/data/1173204/000093244014000275/0000932440-14-000275-index.htm,2014-07-29
47,"CIVITAS SOLUTIONS, INC.",CIVI,http://www.sec.gov/Archives/edgar/data/1608638/000119312515023656/0001193125-15-023656-index.htm,2015-01-28
48,CLEARFIELD INC,CLFD,http://www.sec.gov/Archives/edgar/data/796505/000117184315000162/0001171843-15-000162-index.htm,2015-01-09
49,COLLECTORS UNIVERSE INC,CLCT,http://www.sec.gov/Archives/edgar/data/1089143/000143774914018206/0001437749-14-018206-index.htm,2014-10-09
50,COLUMBIA PPTY TR INC,CXP,http://www.sec.gov/Archives/edgar/data/1252849/000125284915000062/0001252849-15-000062-index.htm,2015-03-20
51,COOPER STD HLDGS INC,CPS,http://www.sec.gov/Archives/edgar/data/1320461/000119312515125303/0001193125-15-125303-index.htm,2015-04-10
52,CORENERGY INFRASTRUCT,CORR,http://www.sec.gov/Archives/edgar/data/1347652/000134765215000005/0001347652-15-000005-index.htm,2015-04-17
53,CORP RES SVCS INC,CRRS,http://www.sec.gov/Archives/edgar/data/943110/000157104914006868/0001571049-14-006868-index.htm,2014-11-26
54,COUPONS COM INC,COUP,http://www.sec.gov/Archives/edgar/data/1115128/000119312515156949/0001193125-15-156949-index.htm,2015-04-29
55,CUI GLOBAL INC,CUI,http://www.sec.gov/Archives/edgar/data/1108967/000114420414056191/0001144204-14-056191-index.htm,2014-09-16
56,CYBERARK SOFTWARE LTD.,CYBR,,
57,CYTRX CORP,CYTR,http://www.sec.gov/Archives/edgar/data/799698/000079969815000012/0000799698-15-000012-index.htm,2015-05-05
58,"DERMIRA, INC.",DERM,http://www.sec.gov/Archives/edgar/data/1557883/000104746915004120/0001047469-15-004120-index.htm,2015-04-29
59,DHT HOLDINGS INC,DHT,,
60,"DIPLOMAT PHARMACY, INC.",DPLO,http://www.sec.gov/Archives/edgar/data/1610092/000104746915003683/0001047469-15-003683-index.htm,2015-04-20
61,DIXIE GROUP INC,DXYN,http://www.sec.gov/Archives/edgar/data/29332/000002933215000020/0000029332-15-000020-index.htm,2015-03-12
62,DORIAN LPG LTD,LPG,,
63,DOT HILL SYS CORP,HILL,http://www.sec.gov/Archives/edgar/data/1042783/000104278315000023/0001042783-15-000023-index.htm,2015-03-20
64,EASTMAN KODAK CO,KODK,http://www.sec.gov/Archives/edgar/data/31235/000120677415001064/0001206774-15-001064-index.htm,2015-03-30
65,EMPIRE RESORTS INC,NYNY,http://www.sec.gov/Archives/edgar/data/906780/000119312514356926/0001193125-14-356926-index.htm,2014-09-29
66,"ENOVATION CONTROLS, INC.",ENOV,,
67,ENZO BIOCHEM INC,ENZ,http://www.sec.gov/Archives/edgar/data/316253/000093041314004705/0000930413-14-004705-index.htm,2014-11-26
68,EROS INTL PLC,EROS,,
69,ESCALADE INC,ESCA,http://www.sec.gov/Archives/edgar/data/33488/000114420415016773/0001144204-15-016773-index.htm,2015-03-17
70,EVERYDAY HEALTH INC,EVDY,http://www.sec.gov/Archives/edgar/data/1358483/000093041315001845/0000930413-15-001845-index.htm,2015-04-21
71,EYEGATE PHARMACEUTICALS INC,EYEG,,
72,FAMOUS DAVES OF AMERICA,DAVE,http://www.sec.gov/Archives/edgar/data/1021270/000119312515101481/0001193125-15-101481-index.htm,2015-03-23
73,FEDERATED NATL HOLDING,FNHC,http://www.sec.gov/Archives/edgar/data/1069996/000114036114027951/0001140361-14-027951-index.htm,2014-07-08
74,FIRST BUSINESS FINL SVCS,FBIZ,http://www.sec.gov/Archives/edgar/data/1521951/000152195115000024/0001521951-15-000024-index.htm,2015-04-02
75,FIVE9 INC,FIVN,http://www.sec.gov/Archives/edgar/data/1288847/000128884715000018/0001288847-15-000018-index.htm,2015-04-02
76,FOAMIX PHARMACEUTICALS LTD.,FOMX,,
77,FORWARD PHARMA A/S,FWP,,
78,FOSTER WHEELER AG,FWLT,http://www.sec.gov/Archives/edgar/data/1130385/000104746914010019/0001047469-14-010019-index.htm,2014-12-19
79,GAIAM INC,GAIA,http://www.sec.gov/Archives/edgar/data/1089872/000119312514345716/0001193125-14-345716-index.htm,2014-09-18
80,GALECTIN THERAPEUTICS,GALT,http://www.sec.gov/Archives/edgar/data/1133416/000119312515122855/0001193125-15-122855-index.htm,2015-04-08
81,GENERAL FINANCE CORP,GFN,http://www.sec.gov/Archives/edgar/data/1342287/000134228714000146/0001342287-14-000146-index.htm,2014-10-17
82,GLOBALSTAR INC,GSAT,http://www.sec.gov/Archives/edgar/data/1366868/000136686815000019/0001366868-15-000019-index.htm,2015-04-17
83,GLORI ENERGY INC,GLRI,http://www.sec.gov/Archives/edgar/data/1597131/000114420415025803/0001144204-15-025803-index.htm,2015-04-29
84,GODADDY INC.,GDDY,,
85,GOOD TECHNOLOGY CORP,GDTC,,
86,"GOPRO, INC.",GPRO,http://www.sec.gov/Archives/edgar/data/1500435/000150043515000015/0001500435-15-000015-index.htm,2015-04-27
87,"GREAT BASIN SCIENTIFIC, INC.",GBSN,http://www.sec.gov/Archives/edgar/data/1512138/000119312515162169/0001193125-15-162169-index.htm,2015-04-30
88,"GREEN BANCORP, INC.",GNBC,http://www.sec.gov/Archives/edgar/data/1606363/000155837015000625/0001558370-15-000625-index.htm,2015-04-30
89,GRUBHUB INC,GRUB,http://www.sec.gov/Archives/edgar/data/1594109/000156459015002507/0001564590-15-002507-index.htm,2015-04-10
90,GTT COMMUNICATIONS INC,GTT,http://www.sec.gov/Archives/edgar/data/1315255/000113379615000044/0001133796-15-000044-index.htm,2015-04-30
91,HARVEST NATURAL RES,HNR,http://www.sec.gov/Archives/edgar/data/845289/000119312514217510/0001193125-14-217510-index.htm,2014-05-29
92,HEALTHEQUITY INC,HQY,,
93,HERITAGE INS HLDGS INC,HRTG,http://www.sec.gov/Archives/edgar/data/1598665/000119312515157094/0001193125-15-157094-index.htm,2015-04-29
94,HERON THERAPEUTICS INC,HRTX,http://www.sec.gov/Archives/edgar/data/818033/000119312515153159/0001193125-15-153159-index.htm,2015-04-28
95,HILL INTERNATIONAL INC,HIL,http://www.sec.gov/Archives/edgar/data/1287808/000104746915004179/0001047469-15-004179-index.htm,2015-04-30
96,HTG MOLECULAR DIAGNOSTICS,HTGM,,
97,HUBSPOT INC,HUBS,http://www.sec.gov/Archives/edgar/data/1404655/000119312515126134/0001193125-15-126134-index.htm,2015-04-10
98,HYDRA INDUSTRIES ACQUISITION CORP.,HDRAU,,
99,IDERA PHARMACEUTICALS,IDRA,http://www.sec.gov/Archives/edgar/data/861838/000119312515156728/0001193125-15-156728-index.htm,2015-04-29
100,IDREAMSKY TECHNOLOGY LTD,DSKY,,
101,IGI LABS INC,IG,http://www.sec.gov/Archives/edgar/data/352998/000114420415025285/0001144204-15-025285-index.htm,2015-04-27
102,IMMUNE DESIGN CORP.,IMDZ,http://www.sec.gov/Archives/edgar/data/1437786/000162828015002306/0001628280-15-002306-index.htm,2015-04-15
103,"IMPERIAL RESOURCES, LLC",EEHI,,
104,IMS HEALTH HLDGS INC,IMS,http://www.sec.gov/Archives/edgar/data/1595262/000119312515075127/0001193125-15-075127-index.htm,2015-03-03
105,"INDEPENDENCE CONTRACT DRILLING, INC.",ICD,http://www.sec.gov/Archives/edgar/data/1537028/000119312515113200/0001193125-15-113200-index.htm,2015-03-31
106,INDEPENDENT BANK CORP,IBCP,http://www.sec.gov/Archives/edgar/data/39311/000156761915000221/0001567619-15-000221-index.htm,2015-03-06
107,INFORMATION SERVICES GRP,III,http://www.sec.gov/Archives/edgar/data/1371489/000104746915002888/0001047469-15-002888-index.htm,2015-03-27
108,INOVIO PHARMACEUTICALS,INO,http://www.sec.gov/Archives/edgar/data/1055726/000105572615000005/0001055726-15-000005-index.htm,2015-03-20
109,"INTERSECT ENT, INC.",XENT,http://www.sec.gov/Archives/edgar/data/1271214/000119312515141939/0001193125-15-141939-index.htm,2015-04-22
110,INTEVAC INC,IVAC,http://www.sec.gov/Archives/edgar/data/1001902/000119312515159396/0001193125-15-159396-index.htm,2015-04-30
111,INTRA CELLULAR THERAPIES,ITCI,http://www.sec.gov/Archives/edgar/data/1567514/000119312515153212/0001193125-15-153212-index.htm,2015-04-28
112,IRADIMED CORP,IRMD,http://www.sec.gov/Archives/edgar/data/1325618/000110465915029070/0001104659-15-029070-index.htm,2015-04-21
113,IRONSHORE INC.,IRSH,,
114,"JAGUAR ANIMAL HEALTH, INC.",JAGX,,
115,"JUNO THERAPEUTICS, INC.",JUNO,http://www.sec.gov/Archives/edgar/data/723888/000095013705003531/0000950137-05-003531-index.htm,2005-03-24
116,K2M GROUP HLDGS INC,KTWO,http://www.sec.gov/Archives/edgar/data/1499807/000149980715000032/0001499807-15-000032-index.htm,2015-04-29
117,"KITE PHARMA, INC.",KITE,http://www.sec.gov/Archives/edgar/data/1510580/000119312515148197/0001193125-15-148197-index.htm,2015-04-27
118,KOFAX LTD,KFX,,
119,LA QUINTA HLDGS INC,LQ,,
120,LEE ENTERPRISES INC,LEE,http://www.sec.gov/Archives/edgar/data/58361/000005836115000002/0000058361-15-000002-index.htm,2015-01-09
121,LENDINGCLUB CORP,LC,,
122,LIBERATOR MEDICAL HLDGS,LBMH,,
123,"LOXO ONCOLOGY, INC.",LOXO,http://www.sec.gov/Archives/edgar/data/1581720/000110465915029700/0001104659-15-029700-index.htm,2015-04-23
124,MACROCURE LTD.,MCUR,,
125,MARINUS PHARMACEUTICALS INC,MRNS,http://www.sec.gov/Archives/edgar/data/1267813/000110465915020420/0001104659-15-020420-index.htm,2015-03-17
126,MASONITE INTL CORP NEW,DOOR,http://www.sec.gov/Archives/edgar/data/893691/000089369115000020/0000893691-15-000020-index.htm,2015-03-27
127,MEDLEY MANAGEMENT INC.,MDLY,http://www.sec.gov/Archives/edgar/data/1611110/000114420415023992/0001144204-15-023992-index.htm,2015-04-21
128,METALDYNE PERFORMANCE GROUP INC.,MPG,,
129,MIRATI THERAPEUTICS INC,MRTX,http://www.sec.gov/Archives/edgar/data/1576263/000162828015002905/0001628280-15-002905-index.htm,2015-04-23
130,MOELIS & CO,MC,http://www.sec.gov/Archives/edgar/data/1596967/000104746915004044/0001047469-15-004044-index.htm,2015-04-28
131,"MOL GLOBAL, INC.",MOLG,,
132,MOTORCAR PTS AMERICA INC,MPAA,http://www.sec.gov/Archives/edgar/data/918251/000156761915000177/0001567619-15-000177-index.htm,2015-02-24
133,NANOSTRING TECH INC,NSTG,http://www.sec.gov/Archives/edgar/data/1401708/000119312514227932/0001193125-14-227932-index.htm,2014-06-06
134,NANOVIRICIDES INC,NNVC,,
135,NATIONAL GEN HLDGS CORP,NGHC,http://www.sec.gov/Archives/edgar/data/1578735/000119312515101233/0001193125-15-101233-index.htm,2015-03-23
136,NAVIOS MARITIME ACQUIS,NNA,,
137,NAVIOS MARITIME HOLDINGS,NM,,
138,NEOSTEM INC,NBS,http://www.sec.gov/Archives/edgar/data/320017/000032001714000053/0000320017-14-000053-index.htm,2014-08-29
139,NEURALSTEM INC,CUR,http://www.sec.gov/Archives/edgar/data/1357459/000114420415025303/0001144204-15-025303-index.htm,2015-04-27
140,"NEUROSIGMA, INC.",NSIG,,
141,NEW MEDIA INVT GROUP INC,NEWM,http://www.sec.gov/Archives/edgar/data/1579684/000119312515125018/0001193125-15-125018-index.htm,2015-04-10
142,NEW YORK REIT INC,NYRT,http://www.sec.gov/Archives/edgar/data/1474464/000114420415026598/0001144204-15-026598-index.htm,2015-04-30
143,NMI HLDGS INC,NMIH,http://www.sec.gov/Archives/edgar/data/1547903/000154790315000051/0001547903-15-000051-index.htm,2015-03-30
144,NORTHWEST BIOTHERAPEUTIC,NWBO,http://www.sec.gov/Archives/edgar/data/1072379/000117494714000519/0001174947-14-000519-index.htm,2014-11-26
145,OCLARO INC,OCLR,http://www.sec.gov/Archives/edgar/data/1110647/000144530514004024/0001445305-14-004024-index.htm,2014-09-22
146,"OCULAR THERAPEUTIX, INC",OCUL,http://www.sec.gov/Archives/edgar/data/1393434/000119312515145180/0001193125-15-145180-index.htm,2015-04-24
147,OHR PHARMACEUTICAL INC,OHRP,http://www.sec.gov/Archives/edgar/data/1173281/000138713115000244/0001387131-15-000244-index.htm,2015-01-28
148,OLD LINE BANCSHARES INC,OLBK,http://www.sec.gov/Archives/edgar/data/1253317/000110465915028909/0001104659-15-028909-index.htm,2015-04-21
149,ONCOTHYREON INC,ONTY,http://www.sec.gov/Archives/edgar/data/1412067/000119312515144321/0001193125-15-144321-index.htm,2015-04-23
150,OPOWER INC,OPWR,http://www.sec.gov/Archives/edgar/data/1412043/000113379615000035/0001133796-15-000035-index.htm,2015-04-15
151,OPUS BK IRVINE CALIF,OPB,,
152,ORGANOVO HLDGS INC,ONVO,,
153,"OTONOMY, INC.",OTIC,http://www.sec.gov/Archives/edgar/data/1493566/000119312515161877/0001193125-15-161877-index.htm,2015-04-30
154,OWENS RLTY MTG INC,ORM,,
155,P A M TRANSN SVCS INC,PTSI,http://www.sec.gov/Archives/edgar/data/798287/000143774915005893/0001437749-15-005893-index.htm,2015-03-24
156,PACIFIC ETHANOL INC,PEIX,http://www.sec.gov/Archives/edgar/data/778164/000101968714001556/0001019687-14-001556-index.htm,2014-04-28
157,PAIN THERAPEUTICS IN,PTIE,http://www.sec.gov/Archives/edgar/data/1069530/000106953015000006/0001069530-15-000006-index.htm,2015-04-07
158,PAPA MURPHYS HLDGS INC,FRSH,http://www.sec.gov/Archives/edgar/data/1592379/000162612915000069/0001626129-15-000069-index.htm,2015-04-16
159,"PARAMOUNT GROUP, INC.",PGRE,http://www.sec.gov/Archives/edgar/data/1605607/000119312515122828/0001193125-15-122828-index.htm,2015-04-08
160,PARK CITY GROUP INC,PCYG,http://www.sec.gov/Archives/edgar/data/50471/000141588914003013/0001415889-14-003013-index.htm,2014-10-07
161,PARSLEY ENERGY INC,PE,http://www.sec.gov/Archives/edgar/data/1594466/000119312515150762/0001193125-15-150762-index.htm,2015-04-28
162,PAYCOM SOFTWARE INC,PAYC,http://www.sec.gov/Archives/edgar/data/1590955/000119312515111845/0001193125-15-111845-index.htm,2015-03-30
163,PAYLOCITY HLDG CORP,PCTY,http://www.sec.gov/Archives/edgar/data/1591698/000110465914074415/0001104659-14-074415-index.htm,2014-10-28
164,PEOPLES FINL SVCS CORP,PFIS,http://www.sec.gov/Archives/edgar/data/1056943/000119312515118591/0001193125-15-118591-index.htm,2015-04-03
165,PFENEX INC.,PFNX,,
166,PHIBRO ANIMAL HEALTH,PAHC,http://www.sec.gov/Archives/edgar/data/1069899/000157104914004800/0001571049-14-004800-index.htm,2014-09-24
167,PLATFORM SPECIALTY PRODS,PAH,http://www.sec.gov/Archives/edgar/data/1590714/000117184315001906/0001171843-15-001906-index.htm,2015-04-10
168,PLUG POWER INC,PLUG,http://www.sec.gov/Archives/edgar/data/1093691/000110465915029217/0001104659-15-029217-index.htm,2015-04-22
169,PLYMOUTH INDUSTRIAL REIT INC.,PLYM,,
170,PRODUCT SHIPPING LTD.,PROS,http://www.sec.gov/Archives/edgar/data/1273397/000095015207003075/0000950152-07-003075-index.htm,2007-04-06
171,PROFIRE ENERGY INC,PFIE,http://www.sec.gov/Archives/edgar/data/1289636/000109690614001212/0001096906-14-001212-index.htm,2014-08-20
172,PROQR THERAPEUTICS N.V.,PRQR,,
173,Q2 HLDGS INC,QTWO,http://www.sec.gov/Archives/edgar/data/1410384/000141038415000061/0001410384-15-000061-index.htm,2015-04-29
174,QUEST RESOURCE HLDG CORP,QRHC,http://www.sec.gov/Archives/edgar/data/1442236/000156459015003038/0001564590-15-003038-index.htm,2015-04-30
175,QUICKLOGIC CORP,QUIK,http://www.sec.gov/Archives/edgar/data/882508/000088250815000006/0000882508-15-000006-index.htm,2015-03-09
176,RADIO ONE INC,ROIAK,http://www.sec.gov/Archives/edgar/data/1041657/000104165715000032/0001041657-15-000032-index.htm,2015-04-23
177,RADNET INC,RDNT,http://www.sec.gov/Archives/edgar/data/790526/000101968715001700/0001019687-15-001700-index.htm,2015-04-30
178,REGADO BIOSCIENCES INC,RGDO,http://www.sec.gov/Archives/edgar/data/1311596/000119312514182805/0001193125-14-182805-index.htm,2014-05-05
179,REPUBLIC FIRST BANCORP,FRBK,http://www.sec.gov/Archives/edgar/data/834285/000095015915000083/0000950159-15-000083-index.htm,2015-03-24
180,"REVO BIOLOGICS, INC.",RBIO,,
181,REWALK ROBOTICS LTD.,RWLK,,
182,RING ENERGY INC,REI,,
183,"ROKA BIOSCIENCE, INC.",ROKA,http://www.sec.gov/Archives/edgar/data/1472343/000147234315000048/0001472343-15-000048-index.htm,2015-04-30
184,RUBICON PROJ INC,RUBI,http://www.sec.gov/Archives/edgar/data/1595974/000119312515118115/0001193125-15-118115-index.htm,2015-04-02
185,SABRE CORP,SABR,http://www.sec.gov/Archives/edgar/data/1597033/000119312515134095/0001193125-15-134095-index.htm,2015-04-17
186,SAFE BULKERS INC,SB,,
187,"SAGE THERAPEUTICS, INC.",SAGE,http://www.sec.gov/Archives/edgar/data/1597553/000119312515135796/0001193125-15-135796-index.htm,2015-04-17
188,SECOND SIGHT MEDICAL PRODUCTS INC,EYES,http://www.sec.gov/Archives/edgar/data/1020258/0000950144-99-005178-index.html,1999-04-30
189,SENOMYX INC,SNMX,http://www.sec.gov/Archives/edgar/data/1123979/000143774915007020/0001437749-15-007020-index.htm,2015-04-08
190,SEQUENTIAL BRANDS GROUP,SQBG,http://www.sec.gov/Archives/edgar/data/791770/000114420415023320/0001144204-15-023320-index.htm,2015-04-16
191,SERVISFIRST BANCSHARES,SFBS,http://www.sec.gov/Archives/edgar/data/1430723/000114420415015807/0001144204-15-015807-index.htm,2015-03-13
192,SIFCO INDS INC,SIF,http://www.sec.gov/Archives/edgar/data/90168/000009016814000037/0000090168-14-000037-index.htm,2014-12-12
193,SILENSEED LTD.,RNAI,http://www.sec.gov/Archives/edgar/data/892112/000095014906000219/0000950149-06-000219-index.htm,2006-05-01
194,"SMART & FINAL STORES, INC.",SFS,http://www.sec.gov/Archives/edgar/data/1563407/000104746915002803/0001047469-15-002803-index.htm,2015-03-26
195,"SPARK ENERGY, INC.",SPKE,http://www.sec.gov/Archives/edgar/data/1606268/000160626815000053/0001606268-15-000053-index.htm,2015-04-16
196,SPORTSMANS WHSE HLDGS,SPWH,http://www.sec.gov/Archives/edgar/data/1132105/000156459015003047/0001564590-15-003047-index.htm,2015-04-30
197,SQUARE 1 FINL INC,SQBK,http://www.sec.gov/Archives/edgar/data/1329799/000117494714000262/0001174947-14-000262-index.htm,2014-05-23
198,"STATE NATIONAL COMPANIES, INC.",SNC,http://www.sec.gov/Archives/edgar/data/1610793/000104746915003361/0001047469-15-003361-index.htm,2015-04-10
199,STONEGATE BANK,SGBK,,
200,STORE CAPITAL CORP,STOR,http://www.sec.gov/Archives/edgar/data/1538990/000104746915003784/0001047469-15-003784-index.htm,2015-04-22
201,STRATTEC SEC CORP,STRT,http://www.sec.gov/Archives/edgar/data/933034/000119312514332895/0001193125-14-332895-index.htm,2014-09-05
202,"T2 BIOSYSTEMS, INC.",TTOO,http://www.sec.gov/Archives/edgar/data/1492674/000104746915004206/0001047469-15-004206-index.htm,2015-04-30
203,"TEARDROPPERS, INC.",TDRP,,
204,"TERRAFORM POWER, INC.",TERP,http://www.sec.gov/Archives/edgar/data/1599947/000119312515144189/0001193125-15-144189-index.htm,2015-04-23
205,TIPTREE FINANCIAL INC,TIPT,http://www.sec.gov/Archives/edgar/data/1393726/000139372615000022/0001393726-15-000022-index.htm,2015-04-08
206,"TOBIRA THERAPEUTICS, INC.",TBRA,,
207,TOKAI PHARMACEUTICALS INC,TKAI,http://www.sec.gov/Archives/edgar/data/1404281/000119312515162493/0001193125-15-162493-index.htm,2015-04-30
208,"TOWNSQUARE MEDIA, INC.",TSQ,,
209,TRADE STREET RESIDENTIAL,TSRE,http://www.sec.gov/Archives/edgar/data/1299901/000114420414025768/0001144204-14-025768-index.htm,2014-04-29
210,TRANSATLANTIC PETROLEUM,TAT,http://www.sec.gov/Archives/edgar/data/1092289/000156459015002885/0001564590-15-002885-index.htm,2015-04-27
211,TRANSENTERIX INC,TRXC,http://www.sec.gov/Archives/edgar/data/876378/000119312515120588/0001193125-15-120588-index.htm,2015-04-07
212,TRANSOCEAN PARTNERS LLC,RIGP,http://www.sec.gov/Archives/edgar/data/1607250/000104746915002525/0001047469-15-002525-index.htm,2015-03-20
213,TRAVELPORT WORLDWIDE LTD,TVPT,http://www.sec.gov/Archives/edgar/data/1424755/000157104915003182/0001571049-15-003182-index.htm,2015-04-27
214,TRINET GROUP INC,TNET,http://www.sec.gov/Archives/edgar/data/937098/000119312515117917/0001193125-15-117917-index.htm,2015-04-02
215,TRIVASCULAR TECHNOLOGIES,TRIV,,
216,TRONOX LTD,TROX,http://www.sec.gov/Archives/edgar/data/1328910/000119312508074989/0001193125-08-074989-index.htm,2008-04-04
217,TRUECAR INC,True,http://www.sec.gov/Archives/edgar/data/1327318/000104746915003320/0001047469-15-003320-index.htm,2015-04-09
218,TRUPANION INC.,TRUP,http://www.sec.gov/Archives/edgar/data/1371285/000137128515000015/0001371285-15-000015-index.htm,2015-04-23
219,TURTLE BEACH CORP,HEAR,http://www.sec.gov/Archives/edgar/data/1493761/000119312515161026/0001193125-15-161026-index.htm,2015-04-30
220,TWIST BEAUTY S.A R.L. & PARTNERS S.C.A.,ABEA,,
221,TYCO INTERNATIONAL LTD,TYC,http://www.sec.gov/Archives/edgar/data/833444/000119312515006384/0001193125-15-006384-index.htm,2015-01-09
222,UNITED INS HLDGS CORP,UIHC,http://www.sec.gov/Archives/edgar/data/1401521/000140152115000046/0001401521-15-000046-index.htm,2015-04-06
223,UNIVAR INC.,UNVR,,
224,USA TRUCK INC,USAK,http://www.sec.gov/Archives/edgar/data/883945/000100888615000072/0001008886-15-000072-index.htm,2015-04-10
225,VANTAGE ENERGY INC.,VEI,,
226,VASCULAR BIOGENICS LTD.,VBLT,,
227,VERSARTIS INC,VSAR,http://www.sec.gov/Archives/edgar/data/1513818/000119312515138359/0001193125-15-138359-index.htm,2015-04-20
228,VERTEX ENERGY INC,VTNR,http://www.sec.gov/Archives/edgar/data/890447/000158069514000206/0001580695-14-000206-index.htm,2014-04-23
229,"VIKING THERAPEUTICS, INC.",VKTX,,
230,VIRGIN AMERICA INC.,VA,http://www.sec.gov/Archives/edgar/data/1614436/000119312515115877/0001193125-15-115877-index.htm,2015-04-01
231,"VITAE PHARMACEUTICALS, INC",VTAE,http://www.sec.gov/Archives/edgar/data/1157602/000104746915003551/0001047469-15-003551-index.htm,2015-04-15
232,VITAL THERAPIES INC,VTL,,
233,VITESSE SEMICONDUCTOR,VTSS,http://www.sec.gov/Archives/edgar/data/880446/000088044615000003/0000880446-15-000003-index.htm,2015-01-14
234,"VIVINT SOLAR, INC.",VSLR,http://www.sec.gov/Archives/edgar/data/1607716/000119312515136910/0001193125-15-136910-index.htm,2015-04-20
235,VWR CORP,VWR,http://www.sec.gov/Archives/edgar/data/1412232/000119312515126216/0001193125-15-126216-index.htm,2015-04-10
236,WAYFAIR INC.,W,http://www.sec.gov/Archives/edgar/data/1616707/000104746915003380/0001047469-15-003380-index.htm,2015-04-10
237,"WOODSIDE HOMES, INC.",WDS,,
238,YODLE INC,YO,,
239,YODLEE INC,YDLE,http://www.sec.gov/Archives/edgar/data/1161315/000117184315001915/0001171843-15-001915-index.htm,2015-04-10
240,ZENDESK INC,ZEN,http://www.sec.gov/Archives/edgar/data/1463172/000119312515114114/0001193125-15-114114-index.htm,2015-03-31
241,ZOES KITCHEN INC,ZOES,http://www.sec.gov/Archives/edgar/data/1594879/000159487915000062/0001594879-15-000062-index.htm,2015-04-27
242,ZOSANO PHARMA CORP,ZSAN,,
243,"ZS PHARMA, INC.",ZSPH,,
